[
  {
    "id": "alx_magic_sponge",
    "title": "Éponge magique anti-graisse",
    "price": 14.9,
    "currency": "EUR",
    "image": "https://images.unsplash.com/photo-1508873699372-7ae46d1d5c2b?w=900&q=80",
    "desc": "Nettoie traces et graisses sans effort — idéal pour démonstrations rapides.",
    "supplier": "AliExpress",
    "affiliate_link": "https://s.click.aliexpress.com/e/TON_CODE_A_REMPLACER"
  },
  {
    "id": "alx_dog_brush",
    "title": "Brosse auto-nettoyante pour chien",
    "price": 19.9,
    "currency": "EUR",
    "image": "https://images.unsplash.com/photo-1517423440428-a5a00ad493e8?w=900&q=80",
    "desc": "Brosse ergonomique pour enlever les poils facilement.",
    "supplier": "AliExpress",
    "affiliate_link": "https://s.click.aliexpress.com/e/TON_CODE_A_REMPLACER"
  },
  {
    "id": "alx_screen_cleaner",
    "title": "Nettoyant écran voiture portable",
    "price": 17.9,
    "currency": "EUR",
    "image": "https://images.unsplash.com/photo-1503376780353-7e6692767b70?w=900&q=80",
    "desc": "Nettoyant compact pour écrans et vitres auto — avant/après en 10s.",
    "supplier": "AliExpress",
    "affiliate_link": "https://s.click.aliexpress.com/e/TON_CODE_A_REMPLACER"
  },
  {
    "id": "alx_phone_holder",
    "title": "Support téléphone pliable",
    "price": 12.9,
    "currency": "EUR",
    "image": "https://images.unsplash.com/photo-1511707171634-5f897ff02aa9?w=900&q=80",
    "desc": "Support compact pour smartphone — parfait pour vidéos et appels.",
    "supplier": "AliExpress",
    "affiliate_link": "https://s.click.aliexpress.com/e/TON_CODE_A_REMPLACER"
  },
  {
    "id": "alx_usb_chopper",
    "title": "Mini hachoir USB multifonction",
    "price": 29.9,
    "currency": "EUR",
    "image": "https://images.unsplash.com/photo-1525755662778-989d0524087e?w=900&q=80",
    "desc": "Hachoir rechargeable USB — très photogénique pour Reels.",
    "supplier": "AliExpress",
    "affiliate_link": "https://s.click.aliexpress.com/e/TON_CODE_A_REMPLACER"
  },
  {
    "id": "alx_face_trimmer",
    "title": "Mini rasoir visage - sourcils & duvet",
    "price": 24.9,
    "currency": "EUR",
    "image": "https://images.unsplash.com/photo-1542314831-068cd1dbfeeb?w=900&q=80",
    "desc": "Rasoir compact pour visage — résultat net sans douleur.",
    "supplier": "AliExpress",
    "affiliate_link": "https://s.click.aliexpress.com/e/TON_CODE_A_REMPLACER"
  },
  {
    "id": "awin_cadeau_box",
    "title": "Boîte cadeau élégante (dragées)",
    "price": 19.9,
    "currency": "EUR",
    "image": "https://images.unsplash.com/photo-1543163521-1bf539c55dbe?w=900&q=80",
    "desc": "Idéal pour mariages, baptêmes et cadeaux — joli packaging.",
    "supplier": "Awin (Cdiscount/Etsy)",
    "affiliate_link": "https://www.awin1.com/cread.php?awinmid=TON_ID&awinaffid=TON_ID&clickref=TON_CODE&p="
  },
  {
    "id": "awin_ring_led",
    "title": "Bague LED cœur battant",
    "price": 22.9,
    "currency": "EUR",
    "image": "https://images.unsplash.com/photo-1520975911147-54c2b1af8f1f?w=900&q=80",
    "desc": "Bague tendance à effet lumineux — cadeau romantique viral.",
    "supplier": "Awin (Rakuten)",
    "affiliate_link": "https://www.awin1.com/cread.php?awinmid=TON_ID&awinaffid=TON_ID&clickref=TON_CODE&p="
  },
  {
    "id": "cj_pet_toy",
    "title": "Jouet interactif pour chat",
    "price": 15.9,
    "currency": "EUR",
    "image": "https://images.unsplash.com/photo-1518791841217-8f162f1e1131?w=900&q=80",
    "desc": "Jouet qui bouge — grande capacité d'engagement social.",
    "supplier": "CJdropshipping",
    "affiliate_link": "https://app.cjdropshipping.com/aff/TON_CODE"
  },
  {
    "id": "cj_silicone_kitchen",
    "title": "Set ustensiles silicone pliable",
    "price": 18.9,
    "currency": "EUR",
    "image": "https://images.unsplash.com/photo-1542444459-db2f6d9e2f5b?w=900&q=80",
    "desc": "Ustensiles pliables, gain de place — contenu 'avant/après' très vendeur.",
    "supplier": "CJdropshipping",
    "affiliate_link": "https://app.cjdropshipping.com/aff/TON_CODE"
  },
  {
    "id": "alx_jewelry_minimal",
    "title": "Collier minimaliste tendance",
    "price": 24.9,
    "currency": "EUR",
    "image": "https://images.unsplash.com/photo-1519710164239-da123dc03ef4?w=900&q=80",
    "desc": "Bijou fin — fort potentiel cadeaux & influence.",
    "supplier": "AliExpress",
    "affiliate_link": "https://s.click.aliexpress.com/e/TON_CODE_A_REMPLACER"
  },
  {
    "id": "alx_hair_tool",
    "title": "Accessoire cheveux magique",
    "price": 16.9,
    "currency": "EUR",
    "image": "https://images.unsplash.com/photo-1522335789203-aabd1fc54bc9?w=900&q=80",
    "desc": "Outil coiffure rapide — contenu transformation + musique tendance.",
    "supplier": "AliExpress",
    "affiliate_link": "https://s.click.aliexpress.com/e/TON_CODE_A_REMPLACER"
  },
  {
    "id": "awin_phone_case",
    "title": "Coque téléphone design",
    "price": 19.9,
    "currency": "EUR",
    "image": "https://images.unsplash.com/photo-1512496015851-a90fb38ba796?w=900&q=80",
    "desc": "Coque créative, bon taux de conversion sur réseaux sociaux.",
    "supplier": "Awin (Cdiscount)",
    "affiliate_link": "https://www.awin1.com/cread.php?awinmid=TON_ID&awinaffid=TON_ID&clickref=TON_CODE&p="
  },
  {
    "id": "alx_smart_ring",
    "title": "Anneau support smartphone magnétique",
    "price": 11.9,
    "currency": "EUR",
    "image": "https://images.unsplash.com/photo-1512499617640-c2f99912e0f0?w=900&q=80",
    "desc": "Accessoire pratique, se vend très bien en bundle.",
    "supplier": "AliExpress",
    "affiliate_link": "https://s.click.aliexpress.com/e/TON_CODE_A_REMPLACER"
  },
  {
    "id": "alx_car_holder",
    "title": "Support voiture ventilation magnétique",
    "price": 18.9,
    "currency": "EUR",
    "image": "https://images.unsplash.com/photo-1505740420928-5e560c06d30e?w=900&q=80",
    "desc": "Support magnétique simple — vidéos 'installation 10s' parfaites.",
    "supplier": "AliExpress",
    "affiliate_link": "https://s.click.aliexpress.com/e/TON_CODE_A_REMPLACER"
  },
  {
    "id": "cj_wireless_led",
    "title": "Mini lampe LED sans fil",
    "price": 21.9,
    "currency": "EUR",
    "image": "https://images.unsplash.com/photo-1545239351-1141bd82e8a6?w=900&q=80",
    "desc": "Lampe d'appoint portable — esthétique et utile pour déco.",
    "supplier": "CJdropshipping",
    "affiliate_link": "https://app.cjdropshipping.com/aff/TON_CODE"
  },
  {
    "id": "alx_travel_pillow",
    "title": "Coussin voyage compact",
    "price": 17.9,
    "currency": "EUR",
    "image": "https://images.unsplash.com/photo-1504215680853-026ed2a45def?w=900&q=80",
    "desc": "Coussin compact pour voyages — se vend bien en période vacances.",
    "supplier": "AliExpress",
    "affiliate_link": "https://s.click.aliexpress.com/e/TON_CODE_A_REMPLACER"
  }
]